{
  "tasks": [
    {
      "id": "task_start",
      "title": "はじめの一歩",
      "description": "木を1つ入手しよう",
      "conditions": [
        {
          "type": "HaveCard",
          "cardId": 1,
          "count": 1
        }
      ]
    },
    {
      "id": "task_craft",
      "title": "道具作り",
      "description": "石斧を作成する",
      "conditions": [
        {
          "type": "CraftCard",
          "cardId": 10,
          "count": 1
        }
      ]
    }
  ]
}
