{
  "allCards": [
    {
      "id": 101,
      "cardName": "木材",
      "cardType": "NaturalResource",
      "iconPath": "picture/Wood",
      "description": "基本的な素材。建築や道具の柄に使う。",
      "rarity": "Common",
      "tags": [ "Wood", "Resource", "Natural" ],
      "stackable": true,
      "maxStack": 99,
      "isPermanent": false,
      "sellPrice": 1,
      "value": 1,
      "drop": {
        "source": "Exploration",
        "weight": 45
      }
    },
    {
      "id": 102,
      "cardName": "樹脂",
      "cardType": "NaturalResource",
      "iconPath": "picture/Resins",
      "description": "基本的な素材。接着・加工用の樹脂。",
      "rarity": "Common",
      "tags": [ "Resin", "Resource", "Natural" ],
      "stackable": true,
      "maxStack": 99,
      "isPermanent": false,
      "sellPrice": 1,
      "value": 1,
      "drop": {
        "source": "Exploration",
        "weight": 35
      }
    },
    {
      "id": 103,
      "cardName": "石",
      "cardType": "NaturalResource",
      "iconPath": "picture/Stone",
      "description": "基本的な素材。加工素材や建築に使う。",
      "rarity": "Common",
      "tags": [ "Stone", "Resource", "Natural" ],
      "stackable": true,
      "maxStack": 99,
      "isPermanent": false,
      "sellPrice": 1,
      "value": 1,
      "drop": {
        "source": "Exploration",
        "weight": 40
      }
    },
    {
      "id": 104,
      "cardName": "珪石",
      "cardType": "NaturalResource",
      "iconPath": "picture/Quartz",
      "description": "精製すると回路材料になる鉱石。",
      "rarity": "Uncommon",
      "tags": [ "Quartz", "Resource", "Natural" ],
      "stackable": true,
      "maxStack": 99,
      "isPermanent": false,
      "sellPrice": 1,
      "value": 1,
      "drop": {
        "source": "Exploration",
        "weight": 18
      }
    },
    {
      "id": 105,
      "cardName": "粘土",
      "cardType": "NaturalResource",
      "iconPath": "picture/Clay Soil",
      "description": "加工用の土。炉や建材に使う。",
      "rarity": "Common",
      "tags": [ "Clay", "Resource", "Natural" ],
      "stackable": true,
      "maxStack": 99,
      "isPermanent": false,
      "sellPrice": 1,
      "value": 1,
      "drop": {
        "source": "Exploration",
        "weight": 25
      }
    },
    {
      "id": 106,
      "cardName": "鉄鉱",
      "cardType": "NaturalResource",
      "iconPath": "picture/Iron-Ore",
      "description": "金属加工の基本となる鉱石。",
      "rarity": "Uncommon",
      "tags": [ "IronOre", "Ore", "Resource", "Natural" ],
      "stackable": true,
      "maxStack": 99,
      "isPermanent": false,
      "sellPrice": 2,
      "value": 1,
      "drop": {
        "source": "Enemy",
        "enemyIds": [ 902 ],
        "chance": 0.25
      }
    },
    {
      "id": 107,
      "cardName": "金鉱",
      "cardType": "NaturalResource",
      "iconPath": "picture/Gold Ore",
      "description": "高価な鉱石。高度な加工に使う。",
      "rarity": "Rare",
      "tags": [ "GoldOre", "Ore", "Resource", "Natural" ],
      "stackable": true,
      "maxStack": 99,
      "isPermanent": false,
      "sellPrice": 3,
      "value": 1,
      "drop": {
        "source": "Enemy",
        "enemyIds": [ 903 ],
        "chance": 0.35
      }
    },
    {
      "id": 201,
      "cardName": "生体外殻",
      "cardType": "BioResource",
      "iconPath": "picture/Carapace",
      "description": "基本的な生物素材。防具や複合材に使う。",
      "rarity": "Uncommon",
      "tags": [ "Bio", "Carapace", "Resource" ],
      "stackable": true,
      "maxStack": 99,
      "isPermanent": false,
      "sellPrice": 2,
      "value": 1,
      "drop": {
        "source": "Enemy",
        "enemyIds": [ 901 ],
        "chance": 0.4
      }
    },
    {
      "id": 202,
      "cardName": "生体腺",
      "cardType": "BioResource",
      "iconPath": "picture/Gland Body",
      "description": "基本的な生物素材。触媒や脳層加工に使う。",
      "rarity": "Rare",
      "tags": [ "Bio", "Gland", "Resource" ],
      "stackable": true,
      "maxStack": 99,
      "isPermanent": false,
      "sellPrice": 3,
      "value": 1,
      "drop": {
        "source": "Enemy",
        "enemyIds": [ 902 ],
        "chance": 0.35
      }
    },
    {
      "id": 203,
      "cardName": "生体鉱",
      "cardType": "BioResource",
      "iconPath": "picture/Bio-Ore",
      "description": "生体由来の鉱物。エネルギー触媒の材料。",
      "rarity": "Rare",
      "tags": [ "Bio", "BioOre", "Resource" ],
      "stackable": true,
      "maxStack": 99,
      "isPermanent": false,
      "sellPrice": 3,
      "value": 1,
      "drop": {
        "source": "Enemy",
        "enemyIds": [ 902 ],
        "chance": 0.25
      }
    },
    {
      "id": 204,
      "cardName": "フェロモン結晶",
      "cardType": "BioResource",
      "iconPath": "picture/Pheromone crystal",
      "description": "希少な結晶。高級触媒や制御素材。",
      "rarity": "Epic",
      "tags": [ "Bio", "Pheromone", "Crystal", "Resource" ],
      "stackable": true,
      "maxStack": 99,
      "isPermanent": false,
      "sellPrice": 5,
      "value": 1,
      "drop": {
        "source": "Enemy",
        "enemyIds": [ 903 ],
        "chance": 0.45
      }
    },
    {
      "id": 301,
      "cardName": "ベリー",
      "cardType": "Food",
      "iconPath": "picture/Mushroom",
      "description": "甘酸っぱい果実。回復や交易。",
      "rarity": "Common",
      "tags": [ "Food", "Berry" ],
      "stackable": true,
      "maxStack": 99,
      "isPermanent": false,
      "sellPrice": 1,
      "value": 1,
      "drop": {
        "source": "Exploration",
        "weight": 25
      }
    },
    {
      "id": 302,
      "cardName": "山菜",
      "cardType": "Food",
      "iconPath": "picture/Vegetable",
      "description": "野生の食材。料理や回復。",
      "rarity": "Common",
      "tags": [ "Food", "Herb" ],
      "stackable": true,
      "maxStack": 99,
      "isPermanent": false,
      "sellPrice": 1,
      "value": 1,
      "drop": {
        "source": "Exploration",
        "weight": 20
      }
    },
    {
      "id": 303,
      "cardName": "肉",
      "cardType": "Food",
      "iconPath": "picture/Meat",
      "description": "敵から得られる食材。回復量が高い。",
      "rarity": "Uncommon",
      "tags": [ "Food", "Meat" ],
      "stackable": true,
      "maxStack": 99,
      "isPermanent": false,
      "sellPrice": 2,
      "value": 2,
      "drop": {
        "source": "Enemy",
        "enemyIds": [ 901, 902 ],
        "chance": 0.55
      }
    },

    {
      "id": 401,
      "cardName": "金属合金",
      "cardType": "Processed",
      "iconPath": "picture/Metal Alloy",
      "description": "鉱石と樹脂を加工して得られる合金。",
      "rarity": "Uncommon",
      "tags": [ "Alloy", "Material", "Processed" ],
      "stackable": true,
      "maxStack": 99,
      "isPermanent": false,
      "sellPrice": 4,
      "value": 1
    },
    {
      "id": 402,
      "cardName": "回路基板",
      "cardType": "Processed",
      "iconPath": "picture/Quartz",
      "description": "珪石と合金を加工して作る基板。",
      "rarity": "Rare",
      "tags": [ "Circuit", "Board", "Processed" ],
      "stackable": true,
      "maxStack": 99,
      "isPermanent": false,
      "sellPrice": 6,
      "value": 1
    },
    {
      "id": 403,
      "cardName": "強化複合シェル",
      "cardType": "Processed",
      "iconPath": "picture/Carapace",
      "description": "外殻を合金で補強した複合装甲材。",
      "rarity": "Rare",
      "tags": [ "ArmorMaterial", "Processed" ],
      "stackable": true,
      "maxStack": 99,
      "isPermanent": false,
      "sellPrice": 7,
      "value": 1
    },
    {
      "id": 404,
      "cardName": "精製エネルギー触媒",
      "cardType": "Processed",
      "iconPath": "picture/Pheromone crystal",
      "description": "生体鉱やフェロモン結晶を精製した触媒。",
      "rarity": "Epic",
      "tags": [ "Catalyst", "Processed" ],
      "stackable": true,
      "maxStack": 99,
      "isPermanent": false,
      "sellPrice": 8,
      "value": 1
    },
    {
      "id": 405,
      "cardName": "マイクロ脳層",
      "cardType": "Processed",
      "iconPath": "picture/Gland Body",
      "description": "生体腺から抽出した微細神経層。",
      "rarity": "Epic",
      "tags": [ "MicroBrain", "Processed" ],
      "stackable": true,
      "maxStack": 99,
      "isPermanent": false,
      "sellPrice": 9,
      "value": 1
    },
    {
      "id": 406,
      "cardName": "構造鉄筋",
      "cardType": "Processed",
      "iconPath": "picture/Iron-Ore",
      "description": "合金を成形して作る鉄筋。建築や武器芯材。",
      "rarity": "Uncommon",
      "tags": [ "Rebar", "Processed" ],
      "stackable": true,
      "maxStack": 99,
      "isPermanent": false,
      "sellPrice": 5,
      "value": 1
    },

    {
      "id": 501,
      "cardName": "斧",
      "cardType": "Weapon",
      "iconPath": "picture/Axe",
      "description": "木を効率よく採取できる武器。装備すると攻撃力が上がる。",
      "rarity": "Uncommon",
      "tags": [ "Weapon", "Axe", "Equipment" ],
      "stackable": true,
      "maxStack": 99,
      "isPermanent": false,
      "sellPrice": 10,
      "value": 1,
      "equip": {
        "slot": "Weapon",
        "attackBonus": 2,
        "scaleOnCard": 0.3,
        "attachAnchor": "BottomLeft"
      }
    },
    {
      "id": 502,
      "cardName": "つるはし",
      "cardType": "Weapon",
      "iconPath": "picture/Pick",
      "description": "鉱石を効率よく採取できる武器。装備すると攻撃力が上がる。",
      "rarity": "Uncommon",
      "tags": [ "Weapon", "Pick", "Equipment" ],
      "stackable": true,
      "maxStack": 99,
      "isPermanent": false,
      "sellPrice": 10,
      "value": 1,
      "equip": {
        "slot": "Weapon",
        "attackBonus": 2,
        "scaleOnCard": 0.3,
        "attachAnchor": "BottomLeft"
      }
    },

    {
      "id": 601,
      "cardName": "合成者",
      "cardType": "Processed",
      "iconPath": "picture/Metal Alloy",
      "description": "このカードが存在する間、合成区が生成される。破壊されると合成区も消える。",
      "rarity": "Rare",
      "tags": [ "FusionStation", "Building", "Processed" ],
      "stackable": false,
      "maxStack": 1,
      "isPermanent": true,
      "sellPrice": 0,
      "value": 0
    },

    {
      "id": 801,
      "cardName": "村人",
      "cardType": "Character",
      "iconPath": "picture/Villager",
      "description": "探索に出して資源を集める。",
      "rarity": "Common",
      "tags": [ "Character", "Worker" ],
      "stackable": false,
      "maxStack": 1,
      "isPermanent": true,
      "sellPrice": 0,
      "value": 0,
      "combat": {
        "hp": 10,
        "attack": 1,
        "attackInterval": 1.8
      }
    },
    {
      "id": 802,
      "cardName": "騎士",
      "cardType": "Character",
      "iconPath": "picture/Knight",
      "description": "戦闘向きのキャラクター。",
      "rarity": "Uncommon",
      "tags": [ "Character", "Fighter" ],
      "stackable": false,
      "maxStack": 1,
      "isPermanent": true,
      "sellPrice": 0,
      "value": 0,
      "combat": {
        "hp": 18,
        "attack": 3,
        "attackInterval": 1.6
      }
    },
    {
      "id": 803,
      "cardName": "探検家",
      "cardType": "Character",
      "iconPath": "picture/Explorer",
      "description": "探索ドロップ率が上がる。",
      "rarity": "Uncommon",
      "tags": [ "Character", "Explorer" ],
      "stackable": false,
      "maxStack": 1,
      "isPermanent": true,
      "sellPrice": 0,
      "value": 0,
      "combat": {
        "hp": 12,
        "attack": 2,
        "attackInterval": 1.7,
        "exploreBonus": 0.1
      }
    },

    {
      "id": 901,
      "cardName": "アンデッド兵",
      "cardType": "Enemy",
      "iconPath": "picture/Undead Soldier1",
      "description": "普通の敵。肉・外殻を落とす。",
      "rarity": "Common",
      "tags": [ "Enemy", "Undead" ],
      "stackable": false,
      "maxStack": 1,
      "isPermanent": true,
      "sellPrice": 0,
      "value": 0,
      "combat": {
        "hp": 10,
        "attack": 2,
        "attackInterval": 2.0,
        "drops": [
          {
            "cardId": 303,
            "chance": 0.55
          },
          {
            "cardId": 201,
            "chance": 0.4
          }
        ]
      }
    },
    {
      "id": 902,
      "cardName": "アンデッド隊長",
      "cardType": "Enemy",
      "iconPath": "picture/Undead Captain",
      "description": "強めの敵。鉄鉱・腺・生体鉱を落とす。",
      "rarity": "Rare",
      "tags": [ "Enemy", "Undead", "Elite" ],
      "stackable": false,
      "maxStack": 1,
      "isPermanent": true,
      "sellPrice": 0,
      "value": 0,
      "combat": {
        "hp": 22,
        "attack": 4,
        "attackInterval": 2.2,
        "drops": [
          {
            "cardId": 303,
            "chance": 0.6
          },
          {
            "cardId": 106,
            "chance": 0.25
          },
          {
            "cardId": 202,
            "chance": 0.35
          },
          {
            "cardId": 203,
            "chance": 0.25
          }
        ]
      }
    },
    {
      "id": 903,
      "cardName": "ヴァンパイアロード",
      "cardType": "Enemy",
      "iconPath": "picture/Vampire Lord",
      "description": "強敵。フェロモン結晶と金鉱を落とす。",
      "rarity": "Epic",
      "tags": [ "Enemy", "Boss" ],
      "stackable": false,
      "maxStack": 1,
      "isPermanent": true,
      "sellPrice": 0,
      "value": 0,
      "combat": {
        "hp": 40,
        "attack": 7,
        "attackInterval": 2.5,
        "drops": [
          {
            "cardId": 204,
            "chance": 0.45
          },
          {
            "cardId": 107,
            "chance": 0.35
          },
          {
            "cardId": 303,
            "chance": 0.7
          }
        ]
      }
    }
  ]
}
