{
  "tagRules": [
    {
      "requiredAll": [ "IronOre", "Resin" ],
      "requiredAny": [],
      "forbidden": [ "Enemy", "Character" ],
      "outputId": 401,
      "seconds": 2.5,
      "priority": 20
    },
    {
      "requiredAll": [ "Alloy", "Quartz" ],
      "requiredAny": [],
      "forbidden": [ "Enemy", "Character", "Wood" ],
      "outputId": 402,
      "seconds": 3.0,
      "priority": 18
    },
    {
      "requiredAll": [ "Alloy", "Carapace" ],
      "requiredAny": [],
      "forbidden": [ "Enemy", "Character" ],
      "outputId": 403,
      "seconds": 3.0,
      "priority": 18
    },
    {
      "requiredAll": [ "BioOre", "Pheromone" ],
      "requiredAny": [],
      "forbidden": [ "Enemy", "Character" ],
      "outputId": 404,
      "seconds": 3.5,
      "priority": 16
    },
    {
      "requiredAll": [ "Gland", "Pheromone" ],
      "requiredAny": [],
      "forbidden": [ "Enemy", "Character" ],
      "outputId": 405,
      "seconds": 3.5,
      "priority": 16
    },
    {
      "requiredAll": [ "Alloy", "Stone" ],
      "requiredAny": [],
      "forbidden": [ "Enemy", "Character", "Wood" ],
      "outputId": 406,
      "seconds": 2.0,
      "priority": 15
    },
    {
      "requiredAll": [ "Alloy", "Wood", "Stone" ],
      "requiredAny": [],
      "forbidden": [ "Enemy", "Character" ],
      "outputId": 501,
      "seconds": 2.5,
      "priority": 30
    },
    {
      "requiredAll": [ "Alloy", "Wood", "Quartz" ],
      "requiredAny": [],
      "forbidden": [ "Enemy", "Character" ],
      "outputId": 502,
      "seconds": 2.5,
      "priority": 30
    },

    {
      "requiredAll": [ "Rebar", "Clay", "Resin", "Character" ],
      "requiredAny": [],
      "forbidden": [ "Enemy" ],
      "outputId": 601,
      "seconds": 4.0,
      "priority": 19
    }
  ],
  "idRules": [
    {
      "inputs": [ 106, 102 ],
      "outputId": 401,
      "seconds": 2.5
    },
    {
      "inputs": [ 401, 104 ],
      "outputId": 402,
      "seconds": 3.0
    },
    {
      "inputs": [ 401, 201 ],
      "outputId": 403,
      "seconds": 3.0
    },
    {
      "inputs": [ 203, 204 ],
      "outputId": 404,
      "seconds": 3.5
    },
    {
      "inputs": [ 202, 204 ],
      "outputId": 405,
      "seconds": 3.5
    },
    {
      "inputs": [ 401, 103 ],
      "outputId": 406,
      "seconds": 2.0
    },
    {
      "inputs": [ 401, 101, 103 ],
      "outputId": 501,
      "seconds": 2.5
    },
    {
      "inputs": [ 401, 101, 104 ],
      "outputId": 502,
      "seconds": 2.5
    },

    {
      "inputs": [ 406, 105, 102, 801 ],
      "outputId": 601,
      "seconds": 4.0
    }
  ]
}
